{"cameraMode":{"drawMode":0,"name":"Shaded","section":"Shading Mode"},"sceneLighting":true,"audioPlay":false,"sceneViewState":{"m_AlwaysRefresh":false,"showFog":true,"showSkybox":true,"showFlares":true,"showImageEffects":true,"showParticleSystems":true,"showVisualEffectGraphs":true,"m_FxEnabled":true},"in2DMode":false,"pivot":{"x":113.7410659790039,"y":-17.876510620117189,"z":103.03779602050781},"rotation":{"x":-0.5820964574813843,"y":-0.004393209703266621,"z":0.0031429303344339134,"w":-0.8131116628646851},"size":147.93504333496095,"orthographic":false}