{"cameraMode":{"drawMode":0,"name":"Shaded","section":"Shading Mode"},"sceneLighting":true,"audioPlay":false,"sceneViewState":{"m_AlwaysRefresh":false,"showFog":true,"showSkybox":true,"showFlares":true,"showImageEffects":true,"showParticleSystems":true,"showVisualEffectGraphs":true,"m_FxEnabled":true},"in2DMode":false,"pivot":{"x":63.34658432006836,"y":-34.81666564941406,"z":53.826229095458987},"rotation":{"x":-0.5820964574813843,"y":-0.004393209703266621,"z":0.0031429303344339134,"w":-0.8131116628646851},"size":74.62545013427735,"orthographic":false}